"DESCRIPTION","DURATION IN MS","NAME","PARENT SUITE","START TIME","STATUS","STOP TIME","SUB SUITE","SUITE","TEST CLASS","TEST METHOD"
"","4","deleteKoi()","","Thu Nov 14 05:22:37 GMT 2024","passed","Thu Nov 14 05:22:37 GMT 2024","","com.swp391.koibe.services.koi.KoiServiceTest","com.swp391.koibe.services.koi.KoiServiceTest","deleteKoi"
"","6","getAllUsersJoinAuction()","","Thu Nov 14 05:22:18 GMT 2024","passed","Thu Nov 14 05:22:18 GMT 2024","","com.swp391.koibe.controllers.AuctionParticipantControllerTest","com.swp391.koibe.controllers.AuctionParticipantControllerTest","getAllUsersJoinAuction"
"","5","getAllKoisByKeyword()","","Thu Nov 14 05:22:17 GMT 2024","passed","Thu Nov 14 05:22:17 GMT 2024","","com.swp391.koibe.controllers.KoiControllerTest","com.swp391.koibe.controllers.KoiControllerTest","getAllKoisByKeyword"
"","8","deleteAuctionParticipant()","","Thu Nov 14 05:22:25 GMT 2024","passed","Thu Nov 14 05:22:25 GMT 2024","","com.swp391.koibe.services.auctionparticipant.AuctionParticipantServiceTest","com.swp391.koibe.services.auctionparticipant.AuctionParticipantServiceTest","deleteAuctionParticipant"
"","55","testCreateRole_Success()","","Thu Nov 14 05:22:21 GMT 2024","passed","Thu Nov 14 05:22:22 GMT 2024","","com.swp391.koibe.controllers.RoleControllerTest","com.swp391.koibe.controllers.RoleControllerTest","testCreateRole_Success"
"","5","createPaymentAndUpdateOrder()","","Thu Nov 14 05:22:32 GMT 2024","passed","Thu Nov 14 05:22:32 GMT 2024","","com.swp391.koibe.services.payment.PaymentServiceTest","com.swp391.koibe.services.payment.PaymentServiceTest","createPaymentAndUpdateOrder"
"","7","createCategory()","","Thu Nov 14 05:22:40 GMT 2024","passed","Thu Nov 14 05:22:40 GMT 2024","","com.swp391.koibe.services.category.CategoryServiceTest","com.swp391.koibe.services.category.CategoryServiceTest","createCategory"
"","665","deleteCategory()","","Thu Nov 14 05:22:16 GMT 2024","passed","Thu Nov 14 05:22:17 GMT 2024","","com.swp391.koibe.controllers.CategoryControllerTest","com.swp391.koibe.controllers.CategoryControllerTest","deleteCategory"
"","5","existsById()","","Thu Nov 14 05:22:37 GMT 2024","passed","Thu Nov 14 05:22:37 GMT 2024","","com.swp391.koibe.services.biddinghistory.BiddingHistoryServiceTest","com.swp391.koibe.services.biddinghistory.BiddingHistoryServiceTest","existsById"
"","4","deleteBreeder()","","Thu Nov 14 05:22:46 GMT 2024","passed","Thu Nov 14 05:22:46 GMT 2024","","com.swp391.koibe.services.user.breeder.BreederServiceTest","com.swp391.koibe.services.user.breeder.BreederServiceTest","deleteBreeder"
"","5","getKoiListByStatus()","","Thu Nov 14 05:22:17 GMT 2024","passed","Thu Nov 14 05:22:17 GMT 2024","","com.swp391.koibe.controllers.KoiControllerTest","com.swp391.koibe.controllers.KoiControllerTest","getKoiListByStatus"
"","6","getUserHighestBid()","","Thu Nov 14 05:22:17 GMT 2024","passed","Thu Nov 14 05:22:17 GMT 2024","","com.swp391.koibe.controllers.BiddingHistoryControllerTest","com.swp391.koibe.controllers.BiddingHistoryControllerTest","getUserHighestBid"
"","2","bannedUser()","","Thu Nov 14 05:22:40 GMT 2024","passed","Thu Nov 14 05:22:40 GMT 2024","","com.swp391.koibe.services.user.UserServiceTest","com.swp391.koibe.services.user.UserServiceTest","bannedUser"
"","6","getAllStaffs()","","Thu Nov 14 05:22:17 GMT 2024","passed","Thu Nov 14 05:22:17 GMT 2024","","com.swp391.koibe.controllers.StaffControllerTest","com.swp391.koibe.controllers.StaffControllerTest","getAllStaffs"
"","3","getUserById()","","Thu Nov 14 05:22:22 GMT 2024","passed","Thu Nov 14 05:22:22 GMT 2024","","com.swp391.koibe.controllers.UserControllerTest","com.swp391.koibe.controllers.UserControllerTest","getUserById"
"","3","getAuctionKoiByAuctionIdV2()","","Thu Nov 14 05:22:49 GMT 2024","passed","Thu Nov 14 05:22:49 GMT 2024","","com.swp391.koibe.services.auctionkoi.AuctionKoiServiceTest","com.swp391.koibe.services.auctionkoi.AuctionKoiServiceTest","getAuctionKoiByAuctionIdV2"
"","5","createCategory()","","Thu Nov 14 05:22:17 GMT 2024","passed","Thu Nov 14 05:22:17 GMT 2024","","com.swp391.koibe.controllers.CategoryControllerTest","com.swp391.koibe.controllers.CategoryControllerTest","createCategory"
"","2","getAuctionKoiByAuctionId()","","Thu Nov 14 05:22:49 GMT 2024","passed","Thu Nov 14 05:22:49 GMT 2024","","com.swp391.koibe.services.auctionkoi.AuctionKoiServiceTest","com.swp391.koibe.services.auctionkoi.AuctionKoiServiceTest","getAuctionKoiByAuctionId"
"","3","testCreateOrder()","","Thu Nov 14 05:22:40 GMT 2024","passed","Thu Nov 14 05:22:40 GMT 2024","","com.swp391.koibe.services.order.OrderServiceTest","com.swp391.koibe.services.order.OrderServiceTest","testCreateOrder"
"","15","updateKoi()","","Thu Nov 14 05:22:37 GMT 2024","passed","Thu Nov 14 05:22:37 GMT 2024","","com.swp391.koibe.services.koi.KoiServiceTest","com.swp391.koibe.services.koi.KoiServiceTest","updateKoi"
"","3","createNewKoi()","","Thu Nov 14 05:22:17 GMT 2024","passed","Thu Nov 14 05:22:17 GMT 2024","","com.swp391.koibe.controllers.KoiControllerTest","com.swp391.koibe.controllers.KoiControllerTest","createNewKoi"
"","4","getBidderHighestBid()","","Thu Nov 14 05:22:37 GMT 2024","passed","Thu Nov 14 05:22:37 GMT 2024","","com.swp391.koibe.services.biddinghistory.BiddingHistoryServiceTest","com.swp391.koibe.services.biddinghistory.BiddingHistoryServiceTest","getBidderHighestBid"
"","4","updateAuctionStatus()","","Thu Nov 14 05:22:46 GMT 2024","passed","Thu Nov 14 05:22:46 GMT 2024","","com.swp391.koibe.services.auction.AuctionServiceTest","com.swp391.koibe.services.auction.AuctionServiceTest","updateAuctionStatus"
"","10","update()","","Thu Nov 14 05:22:40 GMT 2024","passed","Thu Nov 14 05:22:40 GMT 2024","","com.swp391.koibe.services.category.CategoryServiceTest","com.swp391.koibe.services.category.CategoryServiceTest","update"
"","3","getUserByEmail()","","Thu Nov 14 05:22:40 GMT 2024","passed","Thu Nov 14 05:22:40 GMT 2024","","com.swp391.koibe.services.user.UserServiceTest","com.swp391.koibe.services.user.UserServiceTest","getUserByEmail"
"","3","getUserById()","","Thu Nov 14 05:22:40 GMT 2024","passed","Thu Nov 14 05:22:40 GMT 2024","","com.swp391.koibe.services.user.UserServiceTest","com.swp391.koibe.services.user.UserServiceTest","getUserById"
"","2","verifyOtpIsCorrect()","","Thu Nov 14 05:22:40 GMT 2024","passed","Thu Nov 14 05:22:40 GMT 2024","","com.swp391.koibe.services.user.UserServiceTest","com.swp391.koibe.services.user.UserServiceTest","verifyOtpIsCorrect"
"","4","deleteProduct()","","Thu Nov 14 05:22:17 GMT 2024","passed","Thu Nov 14 05:22:17 GMT 2024","","com.swp391.koibe.controllers.KoiControllerTest","com.swp391.koibe.controllers.KoiControllerTest","deleteProduct"
"","3","login()","","Thu Nov 14 05:22:40 GMT 2024","passed","Thu Nov 14 05:22:40 GMT 2024","","com.swp391.koibe.services.user.UserServiceTest","com.swp391.koibe.services.user.UserServiceTest","login"
"","3","createOrderForAuctionKoi()","","Thu Nov 14 05:22:40 GMT 2024","passed","Thu Nov 14 05:22:40 GMT 2024","","com.swp391.koibe.services.order.OrderServiceTest","com.swp391.koibe.services.order.OrderServiceTest","createOrderForAuctionKoi"
"","6","testUpdatePaymentStatus()","","Thu Nov 14 05:22:32 GMT 2024","passed","Thu Nov 14 05:22:32 GMT 2024","","com.swp391.koibe.services.payment.PaymentServiceTest","com.swp391.koibe.services.payment.PaymentServiceTest","testUpdatePaymentStatus"
"","5","updateStaff()","","Thu Nov 14 05:22:17 GMT 2024","passed","Thu Nov 14 05:22:17 GMT 2024","","com.swp391.koibe.controllers.StaffControllerTest","com.swp391.koibe.controllers.StaffControllerTest","updateStaff"
"","4","getAllBidHistories()","","Thu Nov 14 05:22:37 GMT 2024","passed","Thu Nov 14 05:22:37 GMT 2024","","com.swp391.koibe.services.biddinghistory.BiddingHistoryServiceTest","com.swp391.koibe.services.biddinghistory.BiddingHistoryServiceTest","getAllBidHistories"
"","11","getById()","","Thu Nov 14 05:22:40 GMT 2024","passed","Thu Nov 14 05:22:40 GMT 2024","","com.swp391.koibe.services.category.CategoryServiceTest","com.swp391.koibe.services.category.CategoryServiceTest","getById"
"","3","createOrder()","","Thu Nov 14 05:22:18 GMT 2024","passed","Thu Nov 14 05:22:18 GMT 2024","","com.swp391.koibe.controllers.OrderControllerTest","com.swp391.koibe.controllers.OrderControllerTest","createOrder"
"","4","sendOrderCreatedEmailToUser()","","Thu Nov 14 05:22:40 GMT 2024","passed","Thu Nov 14 05:22:40 GMT 2024","","com.swp391.koibe.services.order.OrderMailServiceTest","com.swp391.koibe.services.order.OrderMailServiceTest","sendOrderCreatedEmailToUser"
"","15","testDeleteRole()","","Thu Nov 14 05:22:32 GMT 2024","passed","Thu Nov 14 05:22:32 GMT 2024","","com.swp391.koibe.services.role.RoleServiceTest","com.swp391.koibe.services.role.RoleServiceTest","testDeleteRole"
"","3","createAscendingAuction()","","Thu Nov 14 05:22:46 GMT 2024","passed","Thu Nov 14 05:22:46 GMT 2024","","com.swp391.koibe.services.auction.AuctionServiceTest","com.swp391.koibe.services.auction.AuctionServiceTest","createAscendingAuction"
"","4","notifyAllUserUpcomingAuction()","","Thu Nov 14 05:22:17 GMT 2024","passed","Thu Nov 14 05:22:17 GMT 2024","","com.swp391.koibe.controllers.AuctionControllerTest","com.swp391.koibe.controllers.AuctionControllerTest","notifyAllUserUpcomingAuction"
"","8","authenticateGoogle()","","Thu Nov 14 05:22:17 GMT 2024","passed","Thu Nov 14 05:22:17 GMT 2024","","com.swp391.koibe.controllers.OAuth2ControllerTest","com.swp391.koibe.controllers.OAuth2ControllerTest","authenticateGoogle"
"","15","testUpdateRole()","","Thu Nov 14 05:22:32 GMT 2024","passed","Thu Nov 14 05:22:32 GMT 2024","","com.swp391.koibe.services.role.RoleServiceTest","com.swp391.koibe.services.role.RoleServiceTest","testUpdateRole"
"","4","getKoisByKeywordNotAuth()","","Thu Nov 14 05:22:17 GMT 2024","passed","Thu Nov 14 05:22:17 GMT 2024","","com.swp391.koibe.controllers.KoiControllerTest","com.swp391.koibe.controllers.KoiControllerTest","getKoisByKeywordNotAuth"
"","3","convertToBidDTO()","","Thu Nov 14 05:22:49 GMT 2024","passed","Thu Nov 14 05:22:49 GMT 2024","","com.swp391.koibe.utils.DTOConverterTest","com.swp391.koibe.utils.DTOConverterTest","convertToBidDTO"
"","4","getBidsByAuctionKoiId()","","Thu Nov 14 05:22:37 GMT 2024","passed","Thu Nov 14 05:22:37 GMT 2024","","com.swp391.koibe.services.biddinghistory.BiddingHistoryServiceTest","com.swp391.koibe.services.biddinghistory.BiddingHistoryServiceTest","getBidsByAuctionKoiId"
"","3","searchUserOrders()","","Thu Nov 14 05:22:40 GMT 2024","passed","Thu Nov 14 05:22:40 GMT 2024","","com.swp391.koibe.services.order.OrderServiceTest","com.swp391.koibe.services.order.OrderServiceTest","searchUserOrders"
"","2","updateOrder()","","Thu Nov 14 05:22:18 GMT 2024","passed","Thu Nov 14 05:22:18 GMT 2024","","com.swp391.koibe.controllers.OrderControllerTest","com.swp391.koibe.controllers.OrderControllerTest","updateOrder"
"","2","getAllAuctions()","","Thu Nov 14 05:22:22 GMT 2024","passed","Thu Nov 14 05:22:22 GMT 2024","","com.swp391.koibe.controllers.AuctionKoiControllerTest","com.swp391.koibe.controllers.AuctionKoiControllerTest","getAllAuctions"
"","3","getAllMembers()","","Thu Nov 14 05:22:43 GMT 2024","passed","Thu Nov 14 05:22:43 GMT 2024","","com.swp391.koibe.services.user.member.MemberServiceTest","com.swp391.koibe.services.user.member.MemberServiceTest","getAllMembers"
"","25","getAllCategories()","","Thu Nov 14 05:22:40 GMT 2024","passed","Thu Nov 14 05:22:40 GMT 2024","","com.swp391.koibe.services.category.CategoryServiceTest","com.swp391.koibe.services.category.CategoryServiceTest","getAllCategories"
"","3","updateOrderStatus()","","Thu Nov 14 05:22:18 GMT 2024","passed","Thu Nov 14 05:22:18 GMT 2024","","com.swp391.koibe.controllers.OrderControllerTest","com.swp391.koibe.controllers.OrderControllerTest","updateOrderStatus"
"","3","getAuctionKoisByAuctionId()","","Thu Nov 14 05:22:22 GMT 2024","passed","Thu Nov 14 05:22:22 GMT 2024","","com.swp391.koibe.controllers.AuctionKoiControllerTest","com.swp391.koibe.controllers.AuctionKoiControllerTest","getAuctionKoisByAuctionId"
"","4","createBidHistories()","","Thu Nov 14 05:22:37 GMT 2024","passed","Thu Nov 14 05:22:37 GMT 2024","","com.swp391.koibe.services.biddinghistory.BiddingHistoryServiceTest","com.swp391.koibe.services.biddinghistory.BiddingHistoryServiceTest","createBidHistories"
"","3","getAllBreeders()","","Thu Nov 14 05:22:18 GMT 2024","passed","Thu Nov 14 05:22:18 GMT 2024","","com.swp391.koibe.controllers.BreederControllerTest","com.swp391.koibe.controllers.BreederControllerTest","getAllBreeders"
"","3","updateAuctionKoiStatus()","","Thu Nov 14 05:22:49 GMT 2024","passed","Thu Nov 14 05:22:49 GMT 2024","","com.swp391.koibe.services.auctionkoi.AuctionKoiServiceTest","com.swp391.koibe.services.auctionkoi.AuctionKoiServiceTest","updateAuctionKoiStatus"
"","3","getOrdersByKeyword()","","Thu Nov 14 05:22:22 GMT 2024","passed","Thu Nov 14 05:22:22 GMT 2024","","com.swp391.koibe.controllers.AuctionKoiControllerTest","com.swp391.koibe.controllers.AuctionKoiControllerTest","getOrdersByKeyword"
"","3","getAuctionByStatus()","","Thu Nov 14 05:22:46 GMT 2024","passed","Thu Nov 14 05:22:46 GMT 2024","","com.swp391.koibe.services.auction.AuctionServiceTest","com.swp391.koibe.services.auction.AuctionServiceTest","getAuctionByStatus"
"","4","getMember()","","Thu Nov 14 05:22:22 GMT 2024","passed","Thu Nov 14 05:22:22 GMT 2024","","com.swp391.koibe.controllers.MemberControllerTest","com.swp391.koibe.controllers.MemberControllerTest","getMember"
"","5","getOrderDetail()","","Thu Nov 14 05:22:32 GMT 2024","passed","Thu Nov 14 05:22:32 GMT 2024","","com.swp391.koibe.services.orderdetail.OrderDetailServiceTest","com.swp391.koibe.services.orderdetail.OrderDetailServiceTest","getOrderDetail"
"","4","sealed()","","Thu Nov 14 05:22:37 GMT 2024","passed","Thu Nov 14 05:22:37 GMT 2024","","com.swp391.koibe.services.biddinghistory.BiddingHistoryServiceTest","com.swp391.koibe.services.biddinghistory.BiddingHistoryServiceTest","sealed"
"","3","updateOrderStatus()","","Thu Nov 14 05:22:40 GMT 2024","passed","Thu Nov 14 05:22:40 GMT 2024","","com.swp391.koibe.services.order.OrderServiceTest","com.swp391.koibe.services.order.OrderServiceTest","updateOrderStatus"
"","3","login()","","Thu Nov 14 05:22:22 GMT 2024","passed","Thu Nov 14 05:22:22 GMT 2024","","com.swp391.koibe.controllers.UserControllerTest","com.swp391.koibe.controllers.UserControllerTest","login"
"","3","createDrawOutRequest()","","Thu Nov 14 05:22:22 GMT 2024","passed","Thu Nov 14 05:22:22 GMT 2024","","com.swp391.koibe.controllers.PaymentControllerTest","com.swp391.koibe.controllers.PaymentControllerTest","createDrawOutRequest"
"","5","getAllUserJoinAuction()","","Thu Nov 14 05:22:25 GMT 2024","passed","Thu Nov 14 05:22:25 GMT 2024","","com.swp391.koibe.services.auctionparticipant.AuctionParticipantServiceTest","com.swp391.koibe.services.auctionparticipant.AuctionParticipantServiceTest","getAllUserJoinAuction"
"","4","getAllKois()","","Thu Nov 14 05:22:37 GMT 2024","passed","Thu Nov 14 05:22:37 GMT 2024","","com.swp391.koibe.services.koi.KoiServiceTest","com.swp391.koibe.services.koi.KoiServiceTest","getAllKois"
"","11","createBidHistory()","","Thu Nov 14 05:22:37 GMT 2024","passed","Thu Nov 14 05:22:37 GMT 2024","","com.swp391.koibe.services.biddinghistory.BiddingHistoryServiceTest","com.swp391.koibe.services.biddinghistory.BiddingHistoryServiceTest","createBidHistory"
"","4","getAuctionIsSold()","","Thu Nov 14 05:22:49 GMT 2024","passed","Thu Nov 14 05:22:49 GMT 2024","","com.swp391.koibe.services.auctionkoi.AuctionKoiServiceTest","com.swp391.koibe.services.auctionkoi.AuctionKoiServiceTest","getAuctionIsSold"
"","4","sendRefundEmail()","","Thu Nov 14 05:22:37 GMT 2024","passed","Thu Nov 14 05:22:37 GMT 2024","","com.swp391.koibe.services.biddinghistory.BiddingHistoryEmailServiceTest","com.swp391.koibe.services.biddinghistory.BiddingHistoryEmailServiceTest","sendRefundEmail"
"","4","getAuctionsByStatus()","","Thu Nov 14 05:22:17 GMT 2024","passed","Thu Nov 14 05:22:17 GMT 2024","","com.swp391.koibe.controllers.AuctionControllerTest","com.swp391.koibe.controllers.AuctionControllerTest","getAuctionsByStatus"
"","3","getBreeder()","","Thu Nov 14 05:22:18 GMT 2024","passed","Thu Nov 14 05:22:18 GMT 2024","","com.swp391.koibe.controllers.BreederControllerTest","com.swp391.koibe.controllers.BreederControllerTest","getBreeder"
"","4","createKoiImage()","","Thu Nov 14 05:22:37 GMT 2024","passed","Thu Nov 14 05:22:37 GMT 2024","","com.swp391.koibe.services.koi.KoiServiceTest","com.swp391.koibe.services.koi.KoiServiceTest","createKoiImage"
"","5","deleteBidHistory()","","Thu Nov 14 05:22:37 GMT 2024","passed","Thu Nov 14 05:22:37 GMT 2024","","com.swp391.koibe.services.biddinghistory.BiddingHistoryServiceTest","com.swp391.koibe.services.biddinghistory.BiddingHistoryServiceTest","deleteBidHistory"
"","3","createNewStaff()","","Thu Nov 14 05:22:46 GMT 2024","passed","Thu Nov 14 05:22:46 GMT 2024","","com.swp391.koibe.services.user.staff.StaffServiceTest","com.swp391.koibe.services.user.staff.StaffServiceTest","createNewStaff"
"","3","getFeedbackById()","","Thu Nov 14 05:22:22 GMT 2024","passed","Thu Nov 14 05:22:22 GMT 2024","","com.swp391.koibe.controllers.FeedbackControllerTest","com.swp391.koibe.controllers.FeedbackControllerTest","getFeedbackById"
"","5","forgotPassword()","","Thu Nov 14 05:22:17 GMT 2024","passed","Thu Nov 14 05:22:18 GMT 2024","","com.swp391.koibe.controllers.ForgotPasswordControllerTest","com.swp391.koibe.controllers.ForgotPasswordControllerTest","forgotPassword"
"","3","sendOtp()","","Thu Nov 14 05:22:18 GMT 2024","passed","Thu Nov 14 05:22:18 GMT 2024","","com.swp391.koibe.controllers.OtpControllerTest","com.swp391.koibe.controllers.OtpControllerTest","sendOtp"
"","3","testGetOrdersByStatus()","","Thu Nov 14 05:22:40 GMT 2024","passed","Thu Nov 14 05:22:40 GMT 2024","","com.swp391.koibe.services.order.OrderServiceTest","com.swp391.koibe.services.order.OrderServiceTest","testGetOrdersByStatus"
"","7","update()","","Thu Nov 14 05:22:46 GMT 2024","passed","Thu Nov 14 05:22:46 GMT 2024","","com.swp391.koibe.services.user.staff.StaffServiceTest","com.swp391.koibe.services.user.staff.StaffServiceTest","update"
"","7","getPaymentsByStatusAndKeyword()","","Thu Nov 14 05:22:22 GMT 2024","passed","Thu Nov 14 05:22:22 GMT 2024","","com.swp391.koibe.controllers.PaymentControllerTest","com.swp391.koibe.controllers.PaymentControllerTest","getPaymentsByStatusAndKeyword"
"","4","updateFeedback()","","Thu Nov 14 05:22:37 GMT 2024","passed","Thu Nov 14 05:22:37 GMT 2024","","com.swp391.koibe.services.feedback.FeedbackServiceTest","com.swp391.koibe.services.feedback.FeedbackServiceTest","updateFeedback"
"","6","findByOrderId()","","Thu Nov 14 05:22:32 GMT 2024","passed","Thu Nov 14 05:22:32 GMT 2024","","com.swp391.koibe.services.orderdetail.OrderDetailServiceTest","com.swp391.koibe.services.orderdetail.OrderDetailServiceTest","findByOrderId"
"","4","getKoiImage()","","Thu Nov 14 05:22:25 GMT 2024","passed","Thu Nov 14 05:22:25 GMT 2024","","com.swp391.koibe.services.koiimage.KoiImageServiceTest","com.swp391.koibe.services.koiimage.KoiImageServiceTest","getKoiImage"
"","3","findByUserId()","","Thu Nov 14 05:22:40 GMT 2024","passed","Thu Nov 14 05:22:40 GMT 2024","","com.swp391.koibe.services.order.OrderServiceTest","com.swp391.koibe.services.order.OrderServiceTest","findByUserId"
"","9","getAllBreeders()","","Thu Nov 14 05:22:46 GMT 2024","passed","Thu Nov 14 05:22:46 GMT 2024","","com.swp391.koibe.services.user.breeder.BreederServiceTest","com.swp391.koibe.services.user.breeder.BreederServiceTest","getAllBreeders"
"","4","hasBid()","","Thu Nov 14 05:22:37 GMT 2024","passed","Thu Nov 14 05:22:37 GMT 2024","","com.swp391.koibe.services.biddinghistory.BiddingHistoryServiceTest","com.swp391.koibe.services.biddinghistory.BiddingHistoryServiceTest","hasBid"
"","85","testUpdateRole_NotFound()","","Thu Nov 14 05:22:20 GMT 2024","passed","Thu Nov 14 05:22:20 GMT 2024","","com.swp391.koibe.controllers.RoleControllerTest","com.swp391.koibe.controllers.RoleControllerTest","testUpdateRole_NotFound"
"","74","testGetRoleById_Success()","","Thu Nov 14 05:22:22 GMT 2024","passed","Thu Nov 14 05:22:22 GMT 2024","","com.swp391.koibe.controllers.RoleControllerTest","com.swp391.koibe.controllers.RoleControllerTest","testGetRoleById_Success"
"","6","updateOrderDetail()","","Thu Nov 14 05:22:32 GMT 2024","passed","Thu Nov 14 05:22:32 GMT 2024","","com.swp391.koibe.services.orderdetail.OrderDetailServiceTest","com.swp391.koibe.services.orderdetail.OrderDetailServiceTest","updateOrderDetail"
"","4","getUnverifiedKoisByKeyword()","","Thu Nov 14 05:22:17 GMT 2024","passed","Thu Nov 14 05:22:17 GMT 2024","","com.swp391.koibe.controllers.KoiControllerTest","com.swp391.koibe.controllers.KoiControllerTest","getUnverifiedKoisByKeyword"
"","3","getPaymentByUserIdAndStatus()","","Thu Nov 14 05:22:22 GMT 2024","passed","Thu Nov 14 05:22:22 GMT 2024","","com.swp391.koibe.controllers.PaymentControllerTest","com.swp391.koibe.controllers.PaymentControllerTest","getPaymentByUserIdAndStatus"
"","14","disableOtp()","","Thu Nov 14 05:22:49 GMT 2024","passed","Thu Nov 14 05:22:49 GMT 2024","","com.swp391.koibe.services.otp.OtpServiceTest","com.swp391.koibe.services.otp.OtpServiceTest","disableOtp"
"","7","parseTime()","","Thu Nov 14 05:22:49 GMT 2024","passed","Thu Nov 14 05:22:49 GMT 2024","","com.swp391.koibe.utils.DateTimeUtilsTest","com.swp391.koibe.utils.DateTimeUtilsTest","parseTime"
"","3","createDepositPayment()","","Thu Nov 14 05:22:22 GMT 2024","passed","Thu Nov 14 05:22:22 GMT 2024","","com.swp391.koibe.controllers.PaymentControllerTest","com.swp391.koibe.controllers.PaymentControllerTest","createDepositPayment"
"","3","verifiedUserNotLogin()","","Thu Nov 14 05:22:22 GMT 2024","passed","Thu Nov 14 05:22:22 GMT 2024","","com.swp391.koibe.controllers.UserControllerTest","com.swp391.koibe.controllers.UserControllerTest","verifiedUserNotLogin"
"","9","createDepositPayment()","","Thu Nov 14 05:22:32 GMT 2024","passed","Thu Nov 14 05:22:32 GMT 2024","","com.swp391.koibe.services.payment.PaymentServiceTest","com.swp391.koibe.services.payment.PaymentServiceTest","createDepositPayment"
"","12","uploadImages()","","Thu Nov 14 05:22:17 GMT 2024","passed","Thu Nov 14 05:22:17 GMT 2024","","com.swp391.koibe.controllers.KoiControllerTest","com.swp391.koibe.controllers.KoiControllerTest","uploadImages"
"","5","createNewStaff()","","Thu Nov 14 05:22:17 GMT 2024","passed","Thu Nov 14 05:22:17 GMT 2024","","com.swp391.koibe.controllers.StaffControllerTest","com.swp391.koibe.controllers.StaffControllerTest","createNewStaff"
"","28","testDeleteRole_Success()","","Thu Nov 14 05:22:22 GMT 2024","passed","Thu Nov 14 05:22:22 GMT 2024","","com.swp391.koibe.controllers.RoleControllerTest","com.swp391.koibe.controllers.RoleControllerTest","testDeleteRole_Success"
"","3","end()","","Thu Nov 14 05:22:46 GMT 2024","passed","Thu Nov 14 05:22:46 GMT 2024","","com.swp391.koibe.services.auction.AuctionServiceTest","com.swp391.koibe.services.auction.AuctionServiceTest","end"
"","4","getAuctionKoiById()","","Thu Nov 14 05:22:49 GMT 2024","passed","Thu Nov 14 05:22:49 GMT 2024","","com.swp391.koibe.services.auctionkoi.AuctionKoiServiceTest","com.swp391.koibe.services.auctionkoi.AuctionKoiServiceTest","getAuctionKoiById"
"","3","updateBreeder()","","Thu Nov 14 05:22:46 GMT 2024","passed","Thu Nov 14 05:22:46 GMT 2024","","com.swp391.koibe.services.user.breeder.BreederServiceTest","com.swp391.koibe.services.user.breeder.BreederServiceTest","updateBreeder"
"","4","getBreederKoiListByStatus()","","Thu Nov 14 05:22:17 GMT 2024","passed","Thu Nov 14 05:22:17 GMT 2024","","com.swp391.koibe.controllers.KoiControllerTest","com.swp391.koibe.controllers.KoiControllerTest","getBreederKoiListByStatus"
"","2","getFeedbackByOrderId()","","Thu Nov 14 05:22:22 GMT 2024","passed","Thu Nov 14 05:22:22 GMT 2024","","com.swp391.koibe.controllers.FeedbackControllerTest","com.swp391.koibe.controllers.FeedbackControllerTest","getFeedbackByOrderId"
"","2395","testDeleteRole_NotFound()","","Thu Nov 14 05:22:18 GMT 2024","passed","Thu Nov 14 05:22:20 GMT 2024","","com.swp391.koibe.controllers.RoleControllerTest","com.swp391.koibe.controllers.RoleControllerTest","testDeleteRole_NotFound"
"","2","findAll()","","Thu Nov 14 05:22:40 GMT 2024","passed","Thu Nov 14 05:22:40 GMT 2024","","com.swp391.koibe.services.user.UserServiceTest","com.swp391.koibe.services.user.UserServiceTest","findAll"
"","4","deleteStaff()","","Thu Nov 14 05:22:17 GMT 2024","passed","Thu Nov 14 05:22:17 GMT 2024","","com.swp391.koibe.controllers.StaffControllerTest","com.swp391.koibe.controllers.StaffControllerTest","deleteStaff"
"","4","sendForgotPassword()","","Thu Nov 14 05:22:22 GMT 2024","passed","Thu Nov 14 05:22:22 GMT 2024","","com.swp391.koibe.controllers.MailControllerTest","com.swp391.koibe.controllers.MailControllerTest","sendForgotPassword"
"","3","update()","","Thu Nov 14 05:22:46 GMT 2024","passed","Thu Nov 14 05:22:46 GMT 2024","","com.swp391.koibe.services.auction.AuctionServiceTest","com.swp391.koibe.services.auction.AuctionServiceTest","update"
"","3","deleteFeedback()","","Thu Nov 14 05:22:22 GMT 2024","passed","Thu Nov 14 05:22:22 GMT 2024","","com.swp391.koibe.controllers.FeedbackControllerTest","com.swp391.koibe.controllers.FeedbackControllerTest","deleteFeedback"
"","3","updatePassword()","","Thu Nov 14 05:22:40 GMT 2024","passed","Thu Nov 14 05:22:40 GMT 2024","","com.swp391.koibe.services.user.UserServiceTest","com.swp391.koibe.services.user.UserServiceTest","updatePassword"
"","12","updateMember()","","Thu Nov 14 05:22:43 GMT 2024","passed","Thu Nov 14 05:22:43 GMT 2024","","com.swp391.koibe.services.user.member.MemberServiceTest","com.swp391.koibe.services.user.member.MemberServiceTest","updateMember"
"","3","deleteKoiImage()","","Thu Nov 14 05:22:25 GMT 2024","passed","Thu Nov 14 05:22:25 GMT 2024","","com.swp391.koibe.services.koiimage.KoiImageServiceTest","com.swp391.koibe.services.koiimage.KoiImageServiceTest","deleteKoiImage"
"","5","createOrderPayment()","","Thu Nov 14 05:22:32 GMT 2024","passed","Thu Nov 14 05:22:32 GMT 2024","","com.swp391.koibe.services.payment.PaymentServiceTest","com.swp391.koibe.services.payment.PaymentServiceTest","createOrderPayment"
"","10","getKoisByBreederID()","","Thu Nov 14 05:22:46 GMT 2024","passed","Thu Nov 14 05:22:46 GMT 2024","","com.swp391.koibe.services.user.breeder.BreederServiceTest","com.swp391.koibe.services.user.breeder.BreederServiceTest","getKoisByBreederID"
"","6","testGetRoleById()","","Thu Nov 14 05:22:32 GMT 2024","passed","Thu Nov 14 05:22:32 GMT 2024","","com.swp391.koibe.services.role.RoleServiceTest","com.swp391.koibe.services.role.RoleServiceTest","testGetRoleById"
"","3","getOrder()","","Thu Nov 14 05:22:40 GMT 2024","passed","Thu Nov 14 05:22:40 GMT 2024","","com.swp391.koibe.services.order.OrderServiceTest","com.swp391.koibe.services.order.OrderServiceTest","getOrder"
"","3","deposit()","","Thu Nov 14 05:22:22 GMT 2024","passed","Thu Nov 14 05:22:22 GMT 2024","","com.swp391.koibe.controllers.UserControllerTest","com.swp391.koibe.controllers.UserControllerTest","deposit"
"","4","delete()","","Thu Nov 14 05:22:46 GMT 2024","passed","Thu Nov 14 05:22:46 GMT 2024","","com.swp391.koibe.services.auction.AuctionServiceTest","com.swp391.koibe.services.auction.AuctionServiceTest","delete"
"","4","getAllFeedbacks()","","Thu Nov 14 05:22:37 GMT 2024","passed","Thu Nov 14 05:22:37 GMT 2024","","com.swp391.koibe.services.feedback.FeedbackServiceTest","com.swp391.koibe.services.feedback.FeedbackServiceTest","getAllFeedbacks"
"","5","getKoiImageByKoiId()","","Thu Nov 14 05:22:17 GMT 2024","passed","Thu Nov 14 05:22:17 GMT 2024","","com.swp391.koibe.controllers.KoiImageControllerTest","com.swp391.koibe.controllers.KoiImageControllerTest","getKoiImageByKoiId"
"","3","getKoisByBreederIdAndStatus()","","Thu Nov 14 05:22:46 GMT 2024","passed","Thu Nov 14 05:22:46 GMT 2024","","com.swp391.koibe.services.user.breeder.BreederServiceTest","com.swp391.koibe.services.user.breeder.BreederServiceTest","getKoisByBreederIdAndStatus"
"","3","getAllMembers()","","Thu Nov 14 05:22:22 GMT 2024","passed","Thu Nov 14 05:22:22 GMT 2024","","com.swp391.koibe.controllers.MemberControllerTest","com.swp391.koibe.controllers.MemberControllerTest","getAllMembers"
"","3","updatePaymentStatus()","","Thu Nov 14 05:22:22 GMT 2024","passed","Thu Nov 14 05:22:22 GMT 2024","","com.swp391.koibe.controllers.PaymentControllerTest","com.swp391.koibe.controllers.PaymentControllerTest","updatePaymentStatus"
"","3","updateMemberToStaff()","","Thu Nov 14 05:22:46 GMT 2024","passed","Thu Nov 14 05:22:46 GMT 2024","","com.swp391.koibe.services.user.staff.StaffServiceTest","com.swp391.koibe.services.user.staff.StaffServiceTest","updateMemberToStaff"
"","4","existsByName()","","Thu Nov 14 05:22:37 GMT 2024","passed","Thu Nov 14 05:22:37 GMT 2024","","com.swp391.koibe.services.koi.KoiServiceTest","com.swp391.koibe.services.koi.KoiServiceTest","existsByName"
"","4","createKoiImage()","","Thu Nov 14 05:22:25 GMT 2024","passed","Thu Nov 14 05:22:25 GMT 2024","","com.swp391.koibe.services.koiimage.KoiImageServiceTest","com.swp391.koibe.services.koiimage.KoiImageServiceTest","createKoiImage"
"","3","delete()","","Thu Nov 14 05:22:46 GMT 2024","passed","Thu Nov 14 05:22:46 GMT 2024","","com.swp391.koibe.services.user.staff.StaffServiceTest","com.swp391.koibe.services.user.staff.StaffServiceTest","delete"
"","4","updateAuction()","","Thu Nov 14 05:22:17 GMT 2024","passed","Thu Nov 14 05:22:17 GMT 2024","","com.swp391.koibe.controllers.AuctionControllerTest","com.swp391.koibe.controllers.AuctionControllerTest","updateAuction"
"","7","deleteFeedback()","","Thu Nov 14 05:22:37 GMT 2024","passed","Thu Nov 14 05:22:37 GMT 2024","","com.swp391.koibe.services.feedback.FeedbackServiceTest","com.swp391.koibe.services.feedback.FeedbackServiceTest","deleteFeedback"
"","2","getAuctionKoiByAuctionIdAndKoiId()","","Thu Nov 14 05:22:22 GMT 2024","passed","Thu Nov 14 05:22:22 GMT 2024","","com.swp391.koibe.controllers.AuctionKoiControllerTest","com.swp391.koibe.controllers.AuctionKoiControllerTest","getAuctionKoiByAuctionIdAndKoiId"
"","3","convertToAuctionKoiDTO()","","Thu Nov 14 05:22:49 GMT 2024","passed","Thu Nov 14 05:22:49 GMT 2024","","com.swp391.koibe.utils.DTOConverterTest","com.swp391.koibe.utils.DTOConverterTest","convertToAuctionKoiDTO"
"","4","getOrdersByStatus()","","Thu Nov 14 05:22:40 GMT 2024","passed","Thu Nov 14 05:22:40 GMT 2024","","com.swp391.koibe.services.order.OrderServiceTest","com.swp391.koibe.services.order.OrderServiceTest","getOrdersByStatus"
"","3","updateUserDetails()","","Thu Nov 14 05:22:22 GMT 2024","passed","Thu Nov 14 05:22:22 GMT 2024","","com.swp391.koibe.controllers.UserControllerTest","com.swp391.koibe.controllers.UserControllerTest","updateUserDetails"
"","6","processBid()","","Thu Nov 14 05:22:17 GMT 2024","passed","Thu Nov 14 05:22:17 GMT 2024","","com.swp391.koibe.controllers.BiddingHistoryControllerTest","com.swp391.koibe.controllers.BiddingHistoryControllerTest","processBid"
"","3","updateUser()","","Thu Nov 14 05:22:40 GMT 2024","passed","Thu Nov 14 05:22:40 GMT 2024","","com.swp391.koibe.services.user.UserServiceTest","com.swp391.koibe.services.user.UserServiceTest","updateUser"
"","3","getAuctionKoiDetailsById()","","Thu Nov 14 05:22:49 GMT 2024","passed","Thu Nov 14 05:22:49 GMT 2024","","com.swp391.koibe.services.auctionkoi.AuctionKoiServiceTest","com.swp391.koibe.services.auctionkoi.AuctionKoiServiceTest","getAuctionKoiDetailsById"
"","8","getFeedbackByOrderId()","","Thu Nov 14 05:22:37 GMT 2024","passed","Thu Nov 14 05:22:37 GMT 2024","","com.swp391.koibe.services.feedback.FeedbackServiceTest","com.swp391.koibe.services.feedback.FeedbackServiceTest","getFeedbackByOrderId"
"","2","getAuctionKoiIsNotSold()","","Thu Nov 14 05:22:49 GMT 2024","passed","Thu Nov 14 05:22:49 GMT 2024","","com.swp391.koibe.services.auctionkoi.AuctionKoiServiceTest","com.swp391.koibe.services.auctionkoi.AuctionKoiServiceTest","getAuctionKoiIsNotSold"
"","4","createOrderDetail()","","Thu Nov 14 05:22:17 GMT 2024","passed","Thu Nov 14 05:22:17 GMT 2024","","com.swp391.koibe.controllers.OrderDetailControllerTest","com.swp391.koibe.controllers.OrderDetailControllerTest","createOrderDetail"
"","8","testCreateRole()","","Thu Nov 14 05:22:32 GMT 2024","passed","Thu Nov 14 05:22:32 GMT 2024","","com.swp391.koibe.services.role.RoleServiceTest","com.swp391.koibe.services.role.RoleServiceTest","testCreateRole"
"","3","getKoisByKeyword()","","Thu Nov 14 05:22:17 GMT 2024","passed","Thu Nov 14 05:22:17 GMT 2024","","com.swp391.koibe.controllers.KoiControllerTest","com.swp391.koibe.controllers.KoiControllerTest","getKoisByKeyword"
"","7","handlePaymentReturn()","","Thu Nov 14 05:22:32 GMT 2024","passed","Thu Nov 14 05:22:32 GMT 2024","","com.swp391.koibe.services.payment.PaymentServiceTest","com.swp391.koibe.services.payment.PaymentServiceTest","handlePaymentReturn"
"","8","getAuctionHandledByStaff()","","Thu Nov 14 05:22:17 GMT 2024","passed","Thu Nov 14 05:22:17 GMT 2024","","com.swp391.koibe.controllers.AuctionControllerTest","com.swp391.koibe.controllers.AuctionControllerTest","getAuctionHandledByStaff"
"","5","findById()","","Thu Nov 14 05:22:43 GMT 2024","passed","Thu Nov 14 05:22:43 GMT 2024","","com.swp391.koibe.services.user.member.MemberServiceTest","com.swp391.koibe.services.user.member.MemberServiceTest","findById"
"","3","convertToUserDTO()","","Thu Nov 14 05:22:49 GMT 2024","passed","Thu Nov 14 05:22:49 GMT 2024","","com.swp391.koibe.utils.DTOConverterTest","com.swp391.koibe.utils.DTOConverterTest","convertToUserDTO"
"","3","createUser()","","Thu Nov 14 05:22:40 GMT 2024","passed","Thu Nov 14 05:22:40 GMT 2024","","com.swp391.koibe.services.user.UserServiceTest","com.swp391.koibe.services.user.UserServiceTest","createUser"
"","3","sendMail()","","Thu Nov 14 05:22:25 GMT 2024","passed","Thu Nov 14 05:22:25 GMT 2024","","com.swp391.koibe.services.mail.MailServiceTest","com.swp391.koibe.services.mail.MailServiceTest","sendMail"
"","3","creatSealedAuction()","","Thu Nov 14 05:22:46 GMT 2024","passed","Thu Nov 14 05:22:46 GMT 2024","","com.swp391.koibe.services.auction.AuctionServiceTest","com.swp391.koibe.services.auction.AuctionServiceTest","creatSealedAuction"
"","3","getAuctionById()","","Thu Nov 14 05:22:17 GMT 2024","passed","Thu Nov 14 05:22:17 GMT 2024","","com.swp391.koibe.controllers.AuctionControllerTest","com.swp391.koibe.controllers.AuctionControllerTest","getAuctionById"
"","3","createOrder()","","Thu Nov 14 05:22:40 GMT 2024","passed","Thu Nov 14 05:22:40 GMT 2024","","com.swp391.koibe.services.order.OrderServiceTest","com.swp391.koibe.services.order.OrderServiceTest","createOrder"
"","5","createAuctionParticipant()","","Thu Nov 14 05:22:25 GMT 2024","passed","Thu Nov 14 05:22:25 GMT 2024","","com.swp391.koibe.services.auctionparticipant.AuctionParticipantServiceTest","com.swp391.koibe.services.auctionparticipant.AuctionParticipantServiceTest","createAuctionParticipant"
"","3","deleteToken()","","Thu Nov 14 05:22:25 GMT 2024","passed","Thu Nov 14 05:22:25 GMT 2024","","com.swp391.koibe.services.token.TokenServiceTest","com.swp391.koibe.services.token.TokenServiceTest","deleteToken"
"","7","getCategoryById()","","Thu Nov 14 05:22:17 GMT 2024","passed","Thu Nov 14 05:22:17 GMT 2024","","com.swp391.koibe.controllers.CategoryControllerTest","com.swp391.koibe.controllers.CategoryControllerTest","getCategoryById"
"","6","getKoisByBreederIdAndStatus()","","Thu Nov 14 05:22:18 GMT 2024","passed","Thu Nov 14 05:22:18 GMT 2024","","com.swp391.koibe.controllers.BreederControllerTest","com.swp391.koibe.controllers.BreederControllerTest","getKoisByBreederIdAndStatus"
"","4","addToken()","","Thu Nov 14 05:22:25 GMT 2024","passed","Thu Nov 14 05:22:25 GMT 2024","","com.swp391.koibe.services.token.TokenServiceTest","com.swp391.koibe.services.token.TokenServiceTest","addToken"
"","5","getPaymentsByKeywordAndStatus()","","Thu Nov 14 05:22:32 GMT 2024","passed","Thu Nov 14 05:22:32 GMT 2024","","com.swp391.koibe.services.payment.PaymentServiceTest","com.swp391.koibe.services.payment.PaymentServiceTest","getPaymentsByKeywordAndStatus"
"","5","getAuctionByKeyword()","","Thu Nov 14 05:22:46 GMT 2024","passed","Thu Nov 14 05:22:46 GMT 2024","","com.swp391.koibe.services.auction.AuctionServiceTest","com.swp391.koibe.services.auction.AuctionServiceTest","getAuctionByKeyword"
"","3","setOtpExpired()","","Thu Nov 14 05:22:49 GMT 2024","passed","Thu Nov 14 05:22:49 GMT 2024","","com.swp391.koibe.services.otp.OtpServiceTest","com.swp391.koibe.services.otp.OtpServiceTest","setOtpExpired"
"","3","createDescendingAuction()","","Thu Nov 14 05:22:46 GMT 2024","passed","Thu Nov 14 05:22:46 GMT 2024","","com.swp391.koibe.services.auction.AuctionServiceTest","com.swp391.koibe.services.auction.AuctionServiceTest","createDescendingAuction"
"","78","testGetRoleById_NotFound()","","Thu Nov 14 05:22:22 GMT 2024","passed","Thu Nov 14 05:22:22 GMT 2024","","com.swp391.koibe.controllers.RoleControllerTest","com.swp391.koibe.controllers.RoleControllerTest","testGetRoleById_NotFound"
"","3","getAllUsers()","","Thu Nov 14 05:22:40 GMT 2024","passed","Thu Nov 14 05:22:40 GMT 2024","","com.swp391.koibe.services.user.UserServiceTest","com.swp391.koibe.services.user.UserServiceTest","getAllUsers"
"","3","createOrderPayment()","","Thu Nov 14 05:22:22 GMT 2024","passed","Thu Nov 14 05:22:22 GMT 2024","","com.swp391.koibe.controllers.PaymentControllerTest","com.swp391.koibe.controllers.PaymentControllerTest","createOrderPayment"
"","15","updateAuctionParticipant()","","Thu Nov 14 05:22:25 GMT 2024","passed","Thu Nov 14 05:22:25 GMT 2024","","com.swp391.koibe.services.auctionparticipant.AuctionParticipantServiceTest","com.swp391.koibe.services.auctionparticipant.AuctionParticipantServiceTest","updateAuctionParticipant"
"","3","updateDescendAuctionKoiPrice()","","Thu Nov 14 05:22:49 GMT 2024","passed","Thu Nov 14 05:22:49 GMT 2024","","com.swp391.koibe.services.auctionkoi.AuctionKoiServiceTest","com.swp391.koibe.services.auctionkoi.AuctionKoiServiceTest","updateDescendAuctionKoiPrice"
"","2","updateAccountBalance()","","Thu Nov 14 05:22:40 GMT 2024","passed","Thu Nov 14 05:22:40 GMT 2024","","com.swp391.koibe.services.user.UserServiceTest","com.swp391.koibe.services.user.UserServiceTest","updateAccountBalance"
"","3","getOrdersByKeyword()","","Thu Nov 14 05:22:40 GMT 2024","passed","Thu Nov 14 05:22:40 GMT 2024","","com.swp391.koibe.services.order.OrderServiceTest","com.swp391.koibe.services.order.OrderServiceTest","getOrdersByKeyword"
"","3","cancelOrder()","","Thu Nov 14 05:22:40 GMT 2024","passed","Thu Nov 14 05:22:40 GMT 2024","","com.swp391.koibe.services.order.OrderServiceTest","com.swp391.koibe.services.order.OrderServiceTest","cancelOrder"
"","4","getFeedbackById()","","Thu Nov 14 05:22:37 GMT 2024","passed","Thu Nov 14 05:22:37 GMT 2024","","com.swp391.koibe.services.feedback.FeedbackServiceTest","com.swp391.koibe.services.feedback.FeedbackServiceTest","getFeedbackById"
"","3","updateOrderDetail()","","Thu Nov 14 05:22:17 GMT 2024","passed","Thu Nov 14 05:22:17 GMT 2024","","com.swp391.koibe.controllers.OrderDetailControllerTest","com.swp391.koibe.controllers.OrderDetailControllerTest","updateOrderDetail"
"","4","deleteOrderDetail()","","Thu Nov 14 05:22:17 GMT 2024","passed","Thu Nov 14 05:22:17 GMT 2024","","com.swp391.koibe.controllers.OrderDetailControllerTest","com.swp391.koibe.controllers.OrderDetailControllerTest","deleteOrderDetail"
"","3","getBidHistoryById()","","Thu Nov 14 05:22:37 GMT 2024","passed","Thu Nov 14 05:22:37 GMT 2024","","com.swp391.koibe.services.biddinghistory.BiddingHistoryServiceTest","com.swp391.koibe.services.biddinghistory.BiddingHistoryServiceTest","getBidHistoryById"
"","3","sendOrderCancelledToUser()","","Thu Nov 14 05:22:40 GMT 2024","passed","Thu Nov 14 05:22:40 GMT 2024","","com.swp391.koibe.services.order.OrderMailServiceTest","com.swp391.koibe.services.order.OrderMailServiceTest","sendOrderCancelledToUser"
"","4","blockOrEnable()","","Thu Nov 14 05:22:22 GMT 2024","passed","Thu Nov 14 05:22:22 GMT 2024","","com.swp391.koibe.controllers.UserControllerTest","com.swp391.koibe.controllers.UserControllerTest","blockOrEnable"
"","3","blockOrEnable()","","Thu Nov 14 05:22:40 GMT 2024","passed","Thu Nov 14 05:22:40 GMT 2024","","com.swp391.koibe.services.user.UserServiceTest","com.swp391.koibe.services.user.UserServiceTest","blockOrEnable"
"","3","getAllStaffs()","","Thu Nov 14 05:22:46 GMT 2024","passed","Thu Nov 14 05:22:46 GMT 2024","","com.swp391.koibe.services.user.staff.StaffServiceTest","com.swp391.koibe.services.user.staff.StaffServiceTest","getAllStaffs"
"","4","deleteOrder()","","Thu Nov 14 05:22:18 GMT 2024","passed","Thu Nov 14 05:22:18 GMT 2024","","com.swp391.koibe.controllers.OrderControllerTest","com.swp391.koibe.controllers.OrderControllerTest","deleteOrder"
"","3","deleteAuction()","","Thu Nov 14 05:22:17 GMT 2024","passed","Thu Nov 14 05:22:17 GMT 2024","","com.swp391.koibe.controllers.AuctionControllerTest","com.swp391.koibe.controllers.AuctionControllerTest","deleteAuction"
"","4","updatePassword()","","Thu Nov 14 05:22:18 GMT 2024","passed","Thu Nov 14 05:22:18 GMT 2024","","com.swp391.koibe.controllers.ForgotPasswordControllerTest","com.swp391.koibe.controllers.ForgotPasswordControllerTest","updatePassword"
"","4","verifiedUser()","","Thu Nov 14 05:22:22 GMT 2024","passed","Thu Nov 14 05:22:22 GMT 2024","","com.swp391.koibe.controllers.UserControllerTest","com.swp391.koibe.controllers.UserControllerTest","verifiedUser"
"","3","createAuctionKoi()","","Thu Nov 14 05:22:49 GMT 2024","passed","Thu Nov 14 05:22:49 GMT 2024","","com.swp391.koibe.services.auctionkoi.AuctionKoiServiceTest","com.swp391.koibe.services.auctionkoi.AuctionKoiServiceTest","createAuctionKoi"
"","3","deleteKoi()","","Thu Nov 14 05:22:18 GMT 2024","passed","Thu Nov 14 05:22:18 GMT 2024","","com.swp391.koibe.controllers.BreederControllerTest","com.swp391.koibe.controllers.BreederControllerTest","deleteKoi"
"","4","createKoi()","","Thu Nov 14 05:22:37 GMT 2024","passed","Thu Nov 14 05:22:37 GMT 2024","","com.swp391.koibe.services.koi.KoiServiceTest","com.swp391.koibe.services.koi.KoiServiceTest","createKoi"
"","3","createAuctionKoiV2()","","Thu Nov 14 05:22:49 GMT 2024","passed","Thu Nov 14 05:22:49 GMT 2024","","com.swp391.koibe.services.auctionkoi.AuctionKoiServiceTest","com.swp391.koibe.services.auctionkoi.AuctionKoiServiceTest","createAuctionKoiV2"
"","8","hasJoinedAuction()","","Thu Nov 14 05:22:25 GMT 2024","passed","Thu Nov 14 05:22:25 GMT 2024","","com.swp391.koibe.services.auctionparticipant.AuctionParticipantServiceTest","com.swp391.koibe.services.auctionparticipant.AuctionParticipantServiceTest","hasJoinedAuction"
"","3","verifyOtpToVerifyUser()","","Thu Nov 14 05:22:40 GMT 2024","passed","Thu Nov 14 05:22:40 GMT 2024","","com.swp391.koibe.services.user.UserServiceTest","com.swp391.koibe.services.user.UserServiceTest","verifyOtpToVerifyUser"
"","7","getAllKoiImages()","","Thu Nov 14 05:22:25 GMT 2024","passed","Thu Nov 14 05:22:25 GMT 2024","","com.swp391.koibe.services.koiimage.KoiImageServiceTest","com.swp391.koibe.services.koiimage.KoiImageServiceTest","getAllKoiImages"
"","5","getKoiImagesByKoiId()","","Thu Nov 14 05:22:25 GMT 2024","passed","Thu Nov 14 05:22:25 GMT 2024","","com.swp391.koibe.services.koiimage.KoiImageServiceTest","com.swp391.koibe.services.koiimage.KoiImageServiceTest","getKoiImagesByKoiId"
"","4","testGetAllAuctions()","","Thu Nov 14 05:22:46 GMT 2024","passed","Thu Nov 14 05:22:46 GMT 2024","","com.swp391.koibe.services.auction.AuctionServiceTest","com.swp391.koibe.services.auction.AuctionServiceTest","testGetAllAuctions"
"","5","createAuction()","","Thu Nov 14 05:22:17 GMT 2024","passed","Thu Nov 14 05:22:17 GMT 2024","","com.swp391.koibe.controllers.AuctionControllerTest","com.swp391.koibe.controllers.AuctionControllerTest","createAuction"
"","5","getAuctionKoiByAuctionIdAndKoiId()","","Thu Nov 14 05:22:49 GMT 2024","passed","Thu Nov 14 05:22:49 GMT 2024","","com.swp391.koibe.services.auctionkoi.AuctionKoiServiceTest","com.swp391.koibe.services.auctionkoi.AuctionKoiServiceTest","getAuctionKoiByAuctionIdAndKoiId"
"","3","revokeKoiInAuction()","","Thu Nov 14 05:22:49 GMT 2024","passed","Thu Nov 14 05:22:49 GMT 2024","","com.swp391.koibe.services.auctionkoi.AuctionKoiServiceTest","com.swp391.koibe.services.auctionkoi.AuctionKoiServiceTest","revokeKoiInAuction"
"","32","testUpdateRole_Success()","","Thu Nov 14 05:22:22 GMT 2024","passed","Thu Nov 14 05:22:22 GMT 2024","","com.swp391.koibe.controllers.RoleControllerTest","com.swp391.koibe.controllers.RoleControllerTest","testUpdateRole_Success"
"","6","getPaymentByOrderID()","","Thu Nov 14 05:22:32 GMT 2024","passed","Thu Nov 14 05:22:32 GMT 2024","","com.swp391.koibe.services.payment.PaymentServiceTest","com.swp391.koibe.services.payment.PaymentServiceTest","getPaymentByOrderID"
"","4","ascending()","","Thu Nov 14 05:22:37 GMT 2024","passed","Thu Nov 14 05:22:37 GMT 2024","","com.swp391.koibe.services.biddinghistory.BiddingHistoryServiceTest","com.swp391.koibe.services.biddinghistory.BiddingHistoryServiceTest","ascending"
"","4","createOrderDetail()","","Thu Nov 14 05:22:32 GMT 2024","passed","Thu Nov 14 05:22:32 GMT 2024","","com.swp391.koibe.services.orderdetail.OrderDetailServiceTest","com.swp391.koibe.services.orderdetail.OrderDetailServiceTest","createOrderDetail"
"","4","searchUserOrdersByKeyword()","","Thu Nov 14 05:22:18 GMT 2024","passed","Thu Nov 14 05:22:18 GMT 2024","","com.swp391.koibe.controllers.OrderControllerTest","com.swp391.koibe.controllers.OrderControllerTest","searchUserOrdersByKeyword"
"","3","convertToKoiDTO()","","Thu Nov 14 05:22:49 GMT 2024","passed","Thu Nov 14 05:22:49 GMT 2024","","com.swp391.koibe.utils.DTOConverterTest","com.swp391.koibe.utils.DTOConverterTest","convertToKoiDTO"
"","1333","testGetAllRoles()","","Thu Nov 14 05:22:20 GMT 2024","passed","Thu Nov 14 05:22:21 GMT 2024","","com.swp391.koibe.controllers.RoleControllerTest","com.swp391.koibe.controllers.RoleControllerTest","testGetAllRoles"
"","3","verifiedUserNotLogin()","","Thu Nov 14 05:22:18 GMT 2024","passed","Thu Nov 14 05:22:18 GMT 2024","","com.swp391.koibe.controllers.OtpControllerTest","com.swp391.koibe.controllers.OtpControllerTest","verifiedUserNotLogin"
"","7","testCreateOrderDetail()","","Thu Nov 14 05:22:32 GMT 2024","passed","Thu Nov 14 05:22:32 GMT 2024","","com.swp391.koibe.services.orderdetail.OrderDetailServiceTest","com.swp391.koibe.services.orderdetail.OrderDetailServiceTest","testCreateOrderDetail"
"","6","sendEmailOtp()","","Thu Nov 14 05:22:46 GMT 2024","passed","Thu Nov 14 05:22:46 GMT 2024","","com.swp391.koibe.services.forgotpassword.ForgotPasswordServiceTest","com.swp391.koibe.services.forgotpassword.ForgotPasswordServiceTest","sendEmailOtp"
"","4","deleteById()","","Thu Nov 14 05:22:32 GMT 2024","passed","Thu Nov 14 05:22:32 GMT 2024","","com.swp391.koibe.services.orderdetail.OrderDetailServiceTest","com.swp391.koibe.services.orderdetail.OrderDetailServiceTest","deleteById"
"","3","createUser()","","Thu Nov 14 05:22:22 GMT 2024","passed","Thu Nov 14 05:22:22 GMT 2024","","com.swp391.koibe.controllers.UserControllerTest","com.swp391.koibe.controllers.UserControllerTest","createUser"
"","6","getAllKoiImages()","","Thu Nov 14 05:22:17 GMT 2024","passed","Thu Nov 14 05:22:17 GMT 2024","","com.swp391.koibe.controllers.KoiImageControllerTest","com.swp391.koibe.controllers.KoiImageControllerTest","getAllKoiImages"
"","3","getAuctionKoiDetails()","","Thu Nov 14 05:22:22 GMT 2024","passed","Thu Nov 14 05:22:22 GMT 2024","","com.swp391.koibe.controllers.AuctionKoiControllerTest","com.swp391.koibe.controllers.AuctionKoiControllerTest","getAuctionKoiDetails"
"","3","getKoisByBreederId()","","Thu Nov 14 05:22:18 GMT 2024","passed","Thu Nov 14 05:22:18 GMT 2024","","com.swp391.koibe.controllers.BreederControllerTest","com.swp391.koibe.controllers.BreederControllerTest","getKoisByBreederId"
"","5","updateKoiStatus()","","Thu Nov 14 05:22:17 GMT 2024","passed","Thu Nov 14 05:22:17 GMT 2024","","com.swp391.koibe.controllers.KoiControllerTest","com.swp391.koibe.controllers.KoiControllerTest","updateKoiStatus"
"","3","getById()","","Thu Nov 14 05:22:46 GMT 2024","passed","Thu Nov 14 05:22:46 GMT 2024","","com.swp391.koibe.services.auction.AuctionServiceTest","com.swp391.koibe.services.auction.AuctionServiceTest","getById"
"","3","deleteOrder()","","Thu Nov 14 05:22:40 GMT 2024","passed","Thu Nov 14 05:22:40 GMT 2024","","com.swp391.koibe.services.order.OrderServiceTest","com.swp391.koibe.services.order.OrderServiceTest","deleteOrder"
"","3","createMember()","","Thu Nov 14 05:22:43 GMT 2024","passed","Thu Nov 14 05:22:43 GMT 2024","","com.swp391.koibe.services.user.member.MemberServiceTest","com.swp391.koibe.services.user.member.MemberServiceTest","createMember"
"","3","logout()","","Thu Nov 14 05:22:22 GMT 2024","passed","Thu Nov 14 05:22:22 GMT 2024","","com.swp391.koibe.controllers.UserControllerTest","com.swp391.koibe.controllers.UserControllerTest","logout"
"","5","getKoi()","","Thu Nov 14 05:22:17 GMT 2024","passed","Thu Nov 14 05:22:17 GMT 2024","","com.swp391.koibe.controllers.KoiControllerTest","com.swp391.koibe.controllers.KoiControllerTest","getKoi"
"","5","createPayment()","","Thu Nov 14 05:22:32 GMT 2024","passed","Thu Nov 14 05:22:32 GMT 2024","","com.swp391.koibe.services.payment.PaymentServiceTest","com.swp391.koibe.services.payment.PaymentServiceTest","createPayment"
"","4","testGetKoisByBreederID()","","Thu Nov 14 05:22:46 GMT 2024","passed","Thu Nov 14 05:22:46 GMT 2024","","com.swp391.koibe.services.user.breeder.BreederServiceTest","com.swp391.koibe.services.user.breeder.BreederServiceTest","testGetKoisByBreederID"
"","4","convertToKoiImageDTO()","","Thu Nov 14 05:22:49 GMT 2024","passed","Thu Nov 14 05:22:49 GMT 2024","","com.swp391.koibe.utils.DTOConverterTest","com.swp391.koibe.utils.DTOConverterTest","convertToKoiImageDTO"
"","4","getAllKois()","","Thu Nov 14 05:22:17 GMT 2024","passed","Thu Nov 14 05:22:17 GMT 2024","","com.swp391.koibe.controllers.KoiControllerTest","com.swp391.koibe.controllers.KoiControllerTest","getAllKois"
"","3","getOtpByEmailOtp()","","Thu Nov 14 05:22:49 GMT 2024","passed","Thu Nov 14 05:22:49 GMT 2024","","com.swp391.koibe.services.otp.OtpServiceTest","com.swp391.koibe.services.otp.OtpServiceTest","getOtpByEmailOtp"
"","32","testCreateRole_ValidationError()","","Thu Nov 14 05:22:22 GMT 2024","passed","Thu Nov 14 05:22:22 GMT 2024","","com.swp391.koibe.controllers.RoleControllerTest","com.swp391.koibe.controllers.RoleControllerTest","testCreateRole_ValidationError"
"","2","getAllFeedbacks()","","Thu Nov 14 05:22:22 GMT 2024","passed","Thu Nov 14 05:22:22 GMT 2024","","com.swp391.koibe.controllers.FeedbackControllerTest","com.swp391.koibe.controllers.FeedbackControllerTest","getAllFeedbacks"
"","39","delete()","","Thu Nov 14 05:22:40 GMT 2024","passed","Thu Nov 14 05:22:40 GMT 2024","","com.swp391.koibe.services.category.CategoryServiceTest","com.swp391.koibe.services.category.CategoryServiceTest","delete"
"","4","findAuctionById()","","Thu Nov 14 05:22:46 GMT 2024","passed","Thu Nov 14 05:22:46 GMT 2024","","com.swp391.koibe.services.auction.AuctionServiceTest","com.swp391.koibe.services.auction.AuctionServiceTest","findAuctionById"
"","4","updateBidHistory()","","Thu Nov 14 05:22:37 GMT 2024","passed","Thu Nov 14 05:22:37 GMT 2024","","com.swp391.koibe.services.biddinghistory.BiddingHistoryServiceTest","com.swp391.koibe.services.biddinghistory.BiddingHistoryServiceTest","updateBidHistory"
"","3","convertToAuctionDTO()","","Thu Nov 14 05:22:49 GMT 2024","passed","Thu Nov 14 05:22:49 GMT 2024","","com.swp391.koibe.utils.DTOConverterTest","com.swp391.koibe.utils.DTOConverterTest","convertToAuctionDTO"
"","7","getAllCategories()","","Thu Nov 14 05:22:17 GMT 2024","passed","Thu Nov 14 05:22:17 GMT 2024","","com.swp391.koibe.controllers.CategoryControllerTest","com.swp391.koibe.controllers.CategoryControllerTest","getAllCategories"
"","3","deleteAuctionKoi()","","Thu Nov 14 05:22:22 GMT 2024","passed","Thu Nov 14 05:22:22 GMT 2024","","com.swp391.koibe.controllers.AuctionKoiControllerTest","com.swp391.koibe.controllers.AuctionKoiControllerTest","deleteAuctionKoi"
"","2","getOrdersByKeyword()","","Thu Nov 14 05:22:18 GMT 2024","passed","Thu Nov 14 05:22:18 GMT 2024","","com.swp391.koibe.controllers.OrderControllerTest","com.swp391.koibe.controllers.OrderControllerTest","getOrdersByKeyword"
"","4","getAuctionKoiResponeById()","","Thu Nov 14 05:22:49 GMT 2024","passed","Thu Nov 14 05:22:49 GMT 2024","","com.swp391.koibe.services.auctionkoi.AuctionKoiServiceTest","com.swp391.koibe.services.auctionkoi.AuctionKoiServiceTest","getAuctionKoiResponeById"
"","5","createStaff()","","Thu Nov 14 05:22:17 GMT 2024","passed","Thu Nov 14 05:22:17 GMT 2024","","com.swp391.koibe.controllers.StaffControllerTest","com.swp391.koibe.controllers.StaffControllerTest","createStaff"
"","2","existsByName()","","Thu Nov 14 05:22:49 GMT 2024","passed","Thu Nov 14 05:22:49 GMT 2024","","com.swp391.koibe.services.auctionkoi.AuctionKoiServiceTest","com.swp391.koibe.services.auctionkoi.AuctionKoiServiceTest","existsByName"
"","181","testGetAllRoles()","","Thu Nov 14 05:22:31 GMT 2024","passed","Thu Nov 14 05:22:32 GMT 2024","","com.swp391.koibe.services.role.RoleServiceTest","com.swp391.koibe.services.role.RoleServiceTest","testGetAllRoles"
"","7","getAllBiddingHistory()","","Thu Nov 14 05:22:17 GMT 2024","passed","Thu Nov 14 05:22:17 GMT 2024","","com.swp391.koibe.controllers.BiddingHistoryControllerTest","com.swp391.koibe.controllers.BiddingHistoryControllerTest","getAllBiddingHistory"
"","3","updateOrderStatusAndShipDate()","","Thu Nov 14 05:22:40 GMT 2024","passed","Thu Nov 14 05:22:40 GMT 2024","","com.swp391.koibe.services.order.OrderServiceTest","com.swp391.koibe.services.order.OrderServiceTest","updateOrderStatusAndShipDate"
"","3","getKoiByKeyword()","","Thu Nov 14 05:22:49 GMT 2024","passed","Thu Nov 14 05:22:49 GMT 2024","","com.swp391.koibe.services.auctionkoi.AuctionKoiServiceTest","com.swp391.koibe.services.auctionkoi.AuctionKoiServiceTest","getKoiByKeyword"
"","3","updateOrder()","","Thu Nov 14 05:22:40 GMT 2024","passed","Thu Nov 14 05:22:40 GMT 2024","","com.swp391.koibe.services.order.OrderServiceTest","com.swp391.koibe.services.order.OrderServiceTest","updateOrder"
"","5","updateCategory()","","Thu Nov 14 05:22:17 GMT 2024","passed","Thu Nov 14 05:22:17 GMT 2024","","com.swp391.koibe.controllers.CategoryControllerTest","com.swp391.koibe.controllers.CategoryControllerTest","updateCategory"
"","3","getUserDetailsFromToken()","","Thu Nov 14 05:22:40 GMT 2024","passed","Thu Nov 14 05:22:40 GMT 2024","","com.swp391.koibe.services.user.UserServiceTest","com.swp391.koibe.services.user.UserServiceTest","getUserDetailsFromToken"
"","4","getUserDetails()","","Thu Nov 14 05:22:22 GMT 2024","passed","Thu Nov 14 05:22:22 GMT 2024","","com.swp391.koibe.controllers.UserControllerTest","com.swp391.koibe.controllers.UserControllerTest","getUserDetails"
"","4","deleteMember()","","Thu Nov 14 05:22:43 GMT 2024","passed","Thu Nov 14 05:22:43 GMT 2024","","com.swp391.koibe.services.user.member.MemberServiceTest","com.swp391.koibe.services.user.member.MemberServiceTest","deleteMember"
"","4","updatePaymentStatus()","","Thu Nov 14 05:22:32 GMT 2024","passed","Thu Nov 14 05:22:32 GMT 2024","","com.swp391.koibe.services.payment.PaymentServiceTest","com.swp391.koibe.services.payment.PaymentServiceTest","updatePaymentStatus"
"","4","findById()","","Thu Nov 14 05:22:46 GMT 2024","passed","Thu Nov 14 05:22:46 GMT 2024","","com.swp391.koibe.services.user.breeder.BreederServiceTest","com.swp391.koibe.services.user.breeder.BreederServiceTest","findById"
"","3","setTokenExpired()","","Thu Nov 14 05:22:25 GMT 2024","passed","Thu Nov 14 05:22:25 GMT 2024","","com.swp391.koibe.services.token.TokenServiceTest","com.swp391.koibe.services.token.TokenServiceTest","setTokenExpired"
"","4","getPaymentsByUserId()","","Thu Nov 14 05:22:32 GMT 2024","passed","Thu Nov 14 05:22:32 GMT 2024","","com.swp391.koibe.services.payment.PaymentServiceTest","com.swp391.koibe.services.payment.PaymentServiceTest","getPaymentsByUserId"
"","3","getAllAuctions()","","Thu Nov 14 05:22:46 GMT 2024","passed","Thu Nov 14 05:22:46 GMT 2024","","com.swp391.koibe.services.auction.AuctionServiceTest","com.swp391.koibe.services.auction.AuctionServiceTest","getAllAuctions"
"","4","createAuctionKoi()","","Thu Nov 14 05:22:22 GMT 2024","passed","Thu Nov 14 05:22:22 GMT 2024","","com.swp391.koibe.controllers.AuctionKoiControllerTest","com.swp391.koibe.controllers.AuctionKoiControllerTest","createAuctionKoi"
"","2","findUserByToken()","","Thu Nov 14 05:22:25 GMT 2024","passed","Thu Nov 14 05:22:25 GMT 2024","","com.swp391.koibe.services.token.TokenServiceTest","com.swp391.koibe.services.token.TokenServiceTest","findUserByToken"
"","5","getOrders()","","Thu Nov 14 05:22:18 GMT 2024","passed","Thu Nov 14 05:22:18 GMT 2024","","com.swp391.koibe.controllers.OrderControllerTest","com.swp391.koibe.controllers.OrderControllerTest","getOrders"
"","3","getAuctionByAuctioneerId()","","Thu Nov 14 05:22:46 GMT 2024","passed","Thu Nov 14 05:22:46 GMT 2024","","com.swp391.koibe.services.auction.AuctionServiceTest","com.swp391.koibe.services.auction.AuctionServiceTest","getAuctionByAuctioneerId"
"","5","createFixedPriceAuction()","","Thu Nov 14 05:22:46 GMT 2024","passed","Thu Nov 14 05:22:46 GMT 2024","","com.swp391.koibe.services.auction.AuctionServiceTest","com.swp391.koibe.services.auction.AuctionServiceTest","createFixedPriceAuction"
"","4","getBidderLatestBid()","","Thu Nov 14 05:22:37 GMT 2024","passed","Thu Nov 14 05:22:37 GMT 2024","","com.swp391.koibe.services.biddinghistory.BiddingHistoryServiceTest","com.swp391.koibe.services.biddinghistory.BiddingHistoryServiceTest","getBidderLatestBid"
"","3","updateFeedback()","","Thu Nov 14 05:22:22 GMT 2024","passed","Thu Nov 14 05:22:22 GMT 2024","","com.swp391.koibe.controllers.FeedbackControllerTest","com.swp391.koibe.controllers.FeedbackControllerTest","updateFeedback"
"","3","testGetAllBreeders()","","Thu Nov 14 05:22:18 GMT 2024","passed","Thu Nov 14 05:22:18 GMT 2024","","com.swp391.koibe.controllers.BreederControllerTest","com.swp391.koibe.controllers.BreederControllerTest","testGetAllBreeders"
"","6","isAuctionActive()","","Thu Nov 14 05:22:49 GMT 2024","passed","Thu Nov 14 05:22:49 GMT 2024","","com.swp391.koibe.utils.DateTimeUtilsTest","com.swp391.koibe.utils.DateTimeUtilsTest","isAuctionActive"
"","3","findById()","","Thu Nov 14 05:22:46 GMT 2024","passed","Thu Nov 14 05:22:46 GMT 2024","","com.swp391.koibe.services.user.staff.StaffServiceTest","com.swp391.koibe.services.user.staff.StaffServiceTest","findById"
"","3","deleteAuctionKoi()","","Thu Nov 14 05:22:49 GMT 2024","passed","Thu Nov 14 05:22:49 GMT 2024","","com.swp391.koibe.services.auctionkoi.AuctionKoiServiceTest","com.swp391.koibe.services.auctionkoi.AuctionKoiServiceTest","deleteAuctionKoi"
"","3","fixedPrice()","","Thu Nov 14 05:22:37 GMT 2024","passed","Thu Nov 14 05:22:37 GMT 2024","","com.swp391.koibe.services.biddinghistory.BiddingHistoryServiceTest","com.swp391.koibe.services.biddinghistory.BiddingHistoryServiceTest","fixedPrice"
"","5","createDrawOutRequest()","","Thu Nov 14 05:22:32 GMT 2024","passed","Thu Nov 14 05:22:32 GMT 2024","","com.swp391.koibe.services.payment.PaymentServiceTest","com.swp391.koibe.services.payment.PaymentServiceTest","createDrawOutRequest"
"","6","getKoiById()","","Thu Nov 14 05:22:37 GMT 2024","passed","Thu Nov 14 05:22:37 GMT 2024","","com.swp391.koibe.services.koi.KoiServiceTest","com.swp391.koibe.services.koi.KoiServiceTest","getKoiById"
"","3","handleVNPayReturn()","","Thu Nov 14 05:22:22 GMT 2024","passed","Thu Nov 14 05:22:22 GMT 2024","","com.swp391.koibe.controllers.PaymentControllerTest","com.swp391.koibe.controllers.PaymentControllerTest","handleVNPayReturn"
"","3","getAllAuctionKois()","","Thu Nov 14 05:22:49 GMT 2024","passed","Thu Nov 14 05:22:49 GMT 2024","","com.swp391.koibe.services.auctionkoi.AuctionKoiServiceTest","com.swp391.koibe.services.auctionkoi.AuctionKoiServiceTest","getAllAuctionKois"
"","4","updateUserBalance()","","Thu Nov 14 05:22:40 GMT 2024","passed","Thu Nov 14 05:22:40 GMT 2024","","com.swp391.koibe.services.user.UserServiceTest","com.swp391.koibe.services.user.UserServiceTest","updateUserBalance"
"","2","refreshToken()","","Thu Nov 14 05:22:25 GMT 2024","passed","Thu Nov 14 05:22:25 GMT 2024","","com.swp391.koibe.services.token.TokenServiceTest","com.swp391.koibe.services.token.TokenServiceTest","refreshToken"
"","14","updateKoiImage()","","Thu Nov 14 05:22:25 GMT 2024","passed","Thu Nov 14 05:22:25 GMT 2024","","com.swp391.koibe.services.koiimage.KoiImageServiceTest","com.swp391.koibe.services.koiimage.KoiImageServiceTest","updateKoiImage"
"","4","getOrder()","","Thu Nov 14 05:22:18 GMT 2024","passed","Thu Nov 14 05:22:18 GMT 2024","","com.swp391.koibe.controllers.OrderControllerTest","com.swp391.koibe.controllers.OrderControllerTest","getOrder"
"","7","getAuctionsByKeyword()","","Thu Nov 14 05:22:17 GMT 2024","passed","Thu Nov 14 05:22:17 GMT 2024","","com.swp391.koibe.controllers.AuctionControllerTest","com.swp391.koibe.controllers.AuctionControllerTest","getAuctionsByKeyword"
"","4","createOtp()","","Thu Nov 14 05:22:49 GMT 2024","passed","Thu Nov 14 05:22:49 GMT 2024","","com.swp391.koibe.services.otp.OtpServiceTest","com.swp391.koibe.services.otp.OtpServiceTest","createOtp"
"","4","confirmDelivery()","","Thu Nov 14 05:22:18 GMT 2024","passed","Thu Nov 14 05:22:18 GMT 2024","","com.swp391.koibe.controllers.OrderControllerTest","com.swp391.koibe.controllers.OrderControllerTest","confirmDelivery"
"","4","sendAuctionClosedEmailToAllUser()","","Thu Nov 14 05:22:17 GMT 2024","passed","Thu Nov 14 05:22:17 GMT 2024","","com.swp391.koibe.controllers.AuctionMailControllerTest","com.swp391.koibe.controllers.AuctionMailControllerTest","sendAuctionClosedEmailToAllUser"
"","2","sendOtp()","","Thu Nov 14 05:22:22 GMT 2024","passed","Thu Nov 14 05:22:22 GMT 2024","","com.swp391.koibe.controllers.MailControllerTest","com.swp391.koibe.controllers.MailControllerTest","sendOtp"
"","4","placeBid()","","Thu Nov 14 05:22:37 GMT 2024","passed","Thu Nov 14 05:22:37 GMT 2024","","com.swp391.koibe.services.biddinghistory.BiddingHistoryServiceTest","com.swp391.koibe.services.biddinghistory.BiddingHistoryServiceTest","placeBid"
"","6","updateProduct()","","Thu Nov 14 05:22:17 GMT 2024","passed","Thu Nov 14 05:22:17 GMT 2024","","com.swp391.koibe.controllers.KoiControllerTest","com.swp391.koibe.controllers.KoiControllerTest","updateProduct"
"","6","getBiddingHistoryByAuctionKoiId()","","Thu Nov 14 05:22:17 GMT 2024","passed","Thu Nov 14 05:22:17 GMT 2024","","com.swp391.koibe.controllers.BiddingHistoryControllerTest","com.swp391.koibe.controllers.BiddingHistoryControllerTest","getBiddingHistoryByAuctionKoiId"
"","3","getOrderDetails()","","Thu Nov 14 05:22:17 GMT 2024","passed","Thu Nov 14 05:22:17 GMT 2024","","com.swp391.koibe.controllers.OrderDetailControllerTest","com.swp391.koibe.controllers.OrderDetailControllerTest","getOrderDetails"
"","3","loginOrRegisterGoogle()","","Thu Nov 14 05:22:40 GMT 2024","passed","Thu Nov 14 05:22:40 GMT 2024","","com.swp391.koibe.services.user.UserServiceTest","com.swp391.koibe.services.user.UserServiceTest","loginOrRegisterGoogle"
"","11","generateFakeKoiImages()","","Thu Nov 14 05:22:17 GMT 2024","passed","Thu Nov 14 05:22:17 GMT 2024","","com.swp391.koibe.controllers.KoiImageControllerTest","com.swp391.koibe.controllers.KoiImageControllerTest","generateFakeKoiImages"
"","5","createFeedback()","","Thu Nov 14 05:22:37 GMT 2024","passed","Thu Nov 14 05:22:37 GMT 2024","","com.swp391.koibe.services.feedback.FeedbackServiceTest","com.swp391.koibe.services.feedback.FeedbackServiceTest","createFeedback"
"","4","notifyUsersAboutUpcomingAuctions()","","Thu Nov 14 05:22:46 GMT 2024","passed","Thu Nov 14 05:22:46 GMT 2024","","com.swp391.koibe.services.auction.AuctionMailServiceTest","com.swp391.koibe.services.auction.AuctionMailServiceTest","notifyUsersAboutUpcomingAuctions"
"","4","getAuctionOnCondition()","","Thu Nov 14 05:22:46 GMT 2024","passed","Thu Nov 14 05:22:46 GMT 2024","","com.swp391.koibe.services.auction.AuctionServiceTest","com.swp391.koibe.services.auction.AuctionServiceTest","getAuctionOnCondition"
"","3","updateOrderByUser()","","Thu Nov 14 05:22:40 GMT 2024","passed","Thu Nov 14 05:22:40 GMT 2024","","com.swp391.koibe.services.order.OrderServiceTest","com.swp391.koibe.services.order.OrderServiceTest","updateOrderByUser"
"","24","testUpdateRole_ValidationError()","","Thu Nov 14 05:22:22 GMT 2024","passed","Thu Nov 14 05:22:22 GMT 2024","","com.swp391.koibe.controllers.RoleControllerTest","com.swp391.koibe.controllers.RoleControllerTest","testUpdateRole_ValidationError"
"","4","endAuction()","","Thu Nov 14 05:22:17 GMT 2024","passed","Thu Nov 14 05:22:17 GMT 2024","","com.swp391.koibe.controllers.AuctionControllerTest","com.swp391.koibe.controllers.AuctionControllerTest","endAuction"
"","5","validateAuctionTimes()","","Thu Nov 14 05:22:49 GMT 2024","passed","Thu Nov 14 05:22:49 GMT 2024","","com.swp391.koibe.utils.DateTimeUtilsTest","com.swp391.koibe.utils.DateTimeUtilsTest","validateAuctionTimes"
"","5","getStaffById()","","Thu Nov 14 05:22:17 GMT 2024","passed","Thu Nov 14 05:22:17 GMT 2024","","com.swp391.koibe.controllers.StaffControllerTest","com.swp391.koibe.controllers.StaffControllerTest","getStaffById"
"","7","getPaymentsByUserIdAndStatus()","","Thu Nov 14 05:22:32 GMT 2024","passed","Thu Nov 14 05:22:32 GMT 2024","","com.swp391.koibe.services.payment.PaymentServiceTest","com.swp391.koibe.services.payment.PaymentServiceTest","getPaymentsByUserIdAndStatus"
"","4","descending()","","Thu Nov 14 05:22:37 GMT 2024","passed","Thu Nov 14 05:22:37 GMT 2024","","com.swp391.koibe.services.biddinghistory.BiddingHistoryServiceTest","com.swp391.koibe.services.biddinghistory.BiddingHistoryServiceTest","descending"
"","3","getAllAuctions()","","Thu Nov 14 05:22:17 GMT 2024","passed","Thu Nov 14 05:22:17 GMT 2024","","com.swp391.koibe.controllers.AuctionControllerTest","com.swp391.koibe.controllers.AuctionControllerTest","getAllAuctions"
"","5","sendBlockAccount()","","Thu Nov 14 05:22:22 GMT 2024","passed","Thu Nov 14 05:22:22 GMT 2024","","com.swp391.koibe.controllers.MailControllerTest","com.swp391.koibe.controllers.MailControllerTest","sendBlockAccount"
"","6","getGoogleClientId()","","Thu Nov 14 05:22:17 GMT 2024","passed","Thu Nov 14 05:22:17 GMT 2024","","com.swp391.koibe.controllers.OAuth2ControllerTest","com.swp391.koibe.controllers.OAuth2ControllerTest","getGoogleClientId"
"","10","sendAuctionClosedEmailToAllUser()","","Thu Nov 14 05:22:46 GMT 2024","passed","Thu Nov 14 05:22:46 GMT 2024","","com.swp391.koibe.services.auction.AuctionMailServiceTest","com.swp391.koibe.services.auction.AuctionMailServiceTest","sendAuctionClosedEmailToAllUser"
"","4","getAuctionParticipantById()","","Thu Nov 14 05:22:25 GMT 2024","passed","Thu Nov 14 05:22:25 GMT 2024","","com.swp391.koibe.services.auctionparticipant.AuctionParticipantServiceTest","com.swp391.koibe.services.auctionparticipant.AuctionParticipantServiceTest","getAuctionParticipantById"
"","4","testGetAllKois()","","Thu Nov 14 05:22:37 GMT 2024","passed","Thu Nov 14 05:22:37 GMT 2024","","com.swp391.koibe.services.koi.KoiServiceTest","com.swp391.koibe.services.koi.KoiServiceTest","testGetAllKois"
"","3","revokeKoiInAuction()","","Thu Nov 14 05:22:22 GMT 2024","passed","Thu Nov 14 05:22:22 GMT 2024","","com.swp391.koibe.controllers.AuctionKoiControllerTest","com.swp391.koibe.controllers.AuctionKoiControllerTest","revokeKoiInAuction"
"","3","createFeedback()","","Thu Nov 14 05:22:22 GMT 2024","passed","Thu Nov 14 05:22:22 GMT 2024","","com.swp391.koibe.controllers.FeedbackControllerTest","com.swp391.koibe.controllers.FeedbackControllerTest","createFeedback"
"","2","getSortedOrder()","","Thu Nov 14 05:22:18 GMT 2024","passed","Thu Nov 14 05:22:18 GMT 2024","","com.swp391.koibe.controllers.OrderControllerTest","com.swp391.koibe.controllers.OrderControllerTest","getSortedOrder"
"","3","getOrderDetail()","","Thu Nov 14 05:22:17 GMT 2024","passed","Thu Nov 14 05:22:17 GMT 2024","","com.swp391.koibe.controllers.OrderDetailControllerTest","com.swp391.koibe.controllers.OrderDetailControllerTest","getOrderDetail"
"","3","updateAuctionKoi()","","Thu Nov 14 05:22:22 GMT 2024","passed","Thu Nov 14 05:22:22 GMT 2024","","com.swp391.koibe.controllers.AuctionKoiControllerTest","com.swp391.koibe.controllers.AuctionKoiControllerTest","updateAuctionKoi"
"","4","updateOrderWithDetails()","","Thu Nov 14 05:22:40 GMT 2024","passed","Thu Nov 14 05:22:40 GMT 2024","","com.swp391.koibe.services.order.OrderServiceTest","com.swp391.koibe.services.order.OrderServiceTest","updateOrderWithDetails"
"","3","updateAuctionKoi()","","Thu Nov 14 05:22:49 GMT 2024","passed","Thu Nov 14 05:22:49 GMT 2024","","com.swp391.koibe.services.auctionkoi.AuctionKoiServiceTest","com.swp391.koibe.services.auctionkoi.AuctionKoiServiceTest","updateAuctionKoi"
"","3","getAuctionOnStatus()","","Thu Nov 14 05:22:46 GMT 2024","passed","Thu Nov 14 05:22:46 GMT 2024","","com.swp391.koibe.services.auction.AuctionServiceTest","com.swp391.koibe.services.auction.AuctionServiceTest","getAuctionOnStatus"
"","4","testGetAuctionByStatus()","","Thu Nov 14 05:22:46 GMT 2024","passed","Thu Nov 14 05:22:46 GMT 2024","","com.swp391.koibe.services.auction.AuctionServiceTest","com.swp391.koibe.services.auction.AuctionServiceTest","testGetAuctionByStatus"
